{
  "jul-94": 100.0,
  "ago-94": 102.072308,
  "sep-94": 103.785705,
  "oct-94": 104.101181,
  "nov-94": 104.807571,
  "dic-94": 107.082195,
  "ene-95": 107.082195,
  "feb-95": 107.082195,
  "mar-95": 107.082195,
  "abr-95": 107.082195,
  "may-95": 107.082195,
  "jun-95": 107.947466,
  "jul-95": 107.947466,
  "ago-95": 107.947466,
  "sep-95": 107.947466,
  "oct-95": 107.947466,
  "nov-95": 107.947466,
  "dic-95": 107.947466,
  "ene-96": 107.947466,
  "feb-96": 107.947466,
  "mar-96": 107.947466,
  "abr-96": 107.947466,
  "may-96": 107.947466,
  "jun-96": 107.947466,
  "jul-96": 107.947466,
  "ago-96": 107.947466,
  "sep-96": 107.947466,
  "oct-96": 107.947466,
  "nov-96": 107.947466,
  "dic-96": 107.947466,
  "ene-97": 107.947466,
  "feb-97": 107.947466,
  "mar-97": 107.947466,
  "abr-97": 107.947466,
  "may-97": 107.947466,
  "jun-97": 107.947466,
  "jul-97": 107.947466,
  "ago-97": 107.947466,
  "sep-97": 107.947466,
  "oct-97": 107.947466,
  "nov-97": 107.947466,
  "dic-97": 107.947466,
  "ene-98": 107.947466,
  "feb-98": 107.947466,
  "mar-98": 107.947466,
  "abr-98": 107.947466,
  "may-98": 107.947466,
  "jun-98": 107.947466,
  "jul-98": 107.947466,
  "ago-98": 107.947466,
  "sep-98": 107.947466,
  "oct-98": 107.947466,
  "nov-98": 107.947466,
  "dic-98": 107.947466,
  "ene-99": 107.947466,
  "feb-99": 107.947466,
  "mar-99": 107.947466,
  "abr-99": 107.947466,
  "may-99": 107.947466,
  "jun-99": 107.947466,
  "jul-99": 107.947466,
  "ago-99": 107.947466,
  "sep-99": 107.947466,
  "oct-99": 107.947466,
  "nov-99": 107.947466,
  "dic-99": 107.947466,
  "ene-00": 107.947466,
  "feb-00": 107.947466,
  "mar-00": 107.947466,
  "abr-00": 107.947466,
  "may-00": 107.947466,
  "jun-00": 107.947466,
  "jul-00": 107.947466,
  "ago-00": 107.947466,
  "sep-00": 107.947466,
  "oct-00": 107.947466,
  "nov-00": 107.947466,
  "dic-00": 107.947466,
  "ene-01": 107.947466,
  "feb-01": 107.947466,
  "mar-01": 107.947466,
  "abr-01": 107.947466,
  "may-01": 107.947466,
  "jun-01": 107.947466,
  "jul-01": 107.947466,
  "ago-01": 107.947466,
  "sep-01": 107.947466,
  "oct-01": 107.947466,
  "nov-01": 107.947466,
  "dic-01": 107.947466,
  "ene-02": 107.947466,
  "feb-02": 107.947466,
  "mar-02": 107.947466,
  "abr-02": 107.947466,
  "may-02": 107.947466,
  "jun-02": 107.947466,
  "jul-02": 107.947466,
  "ago-02": 107.947466,
  "sep-02": 107.947466,
  "oct-02": 107.947466,
  "nov-02": 107.947466,
  "dic-02": 107.947466,
  "ene-03": 107.947466,
  "feb-03": 107.947466,
  "mar-03": 107.947466,
  "abr-03": 107.947466,
  "may-03": 107.947466,
  "jun-03": 107.947466,
  "jul-03": 107.947466,
  "ago-03": 107.947466,
  "sep-03": 111.098792,
  "oct-03": 115.276555,
  "nov-03": 116.629899,
  "dic-03": 118.958245,
  "ene-04": 121.733515,
  "feb-04": 124.695098,
  "mar-04": 126.009579,
  "abr-04": 126.009579,
  "may-04": 126.009579,
  "jun-04": 126.009579,
  "jul-04": 126.009579,
  "ago-04": 126.009579,
  "sep-04": 126.009579,
  "oct-04": 126.009579,
  "nov-04": 126.009579,
  "dic-04": 126.04044,
  "ene-05": 126.04044,
  "feb-05": 126.04044,
  "mar-05": 127.292055,
  "abr-05": 132.140775,
  "may-05": 133.80045,
  "jun-05": 136.773463,
  "jul-05": 140.745482,
  "ago-05": 146.075417,
  "sep-05": 149.111297,
  "oct-05": 154.64469,
  "nov-05": 156.186633,
  "dic-05": 156.77072,
  "ene-06": 158.667002,
  "feb-06": 160.911907,
  "mar-06": 164.784482,
  "abr-06": 167.460308,
  "may-06": 171.721513,
  "jun-06": 174.633946,
  "jul-06": 177.721261,
  "ago-06": 180.981174,
  "sep-06": 182.479683,
  "oct-06": 186.807183,
  "nov-06": 187.655309,
  "dic-06": 191.214695,
  "ene-07": 193.612765,
  "feb-07": 197.559637,
  "mar-07": 201.689394,
  "abr-07": 207.503972,
  "may-07": 209.181936,
  "jun-07": 210.055208,
  "jul-07": 216.791066,
  "ago-07": 221.919828,
  "sep-07": 222.493628,
  "oct-07": 230.781716,
  "nov-07": 230.920022,
  "dic-07": 233.458685,
  "ene-08": 234.351389,
  "feb-08": 243.57676,
  "mar-08": 250.383486,
  "abr-08": 267.023672,
  "may-08": 272.43019,
  "jun-08": 274.340188,
  "jul-08": 284.146216,
  "ago-08": 289.270406,
  "sep-08": 295.512476,
  "oct-08": 300.424063,
  "nov-08": 300.424063,
  "dic-08": 300.424063,
  "ene-09": 300.424063,
  "feb-09": 300.424063,
  "mar-09": 306.52897,
  "abr-09": 312.182381,
  "may-09": 312.182381,
  "jun-09": 317.804931,
  "jul-09": 320.424749,
  "ago-09": 323.37833,
  "sep-09": 323.37833,
  "oct-09": 323.37833,
  "nov-09": 323.37833,
  "dic-09": 344.731217,
  "ene-10": 344.731217,
  "feb-10": 355.540823,
  "mar-10": 369.563478,
  "abr-10": 377.77727,
  "may-10": 381.837302,
  "jun-10": 388.616594,
  "jul-10": 398.374616,
  "ago-10": 408.082344,
  "sep-10": 425.108873,
  "oct-10": 433.835884,
  "nov-10": 439.233258,
  "dic-10": 444.125413,
  "ene-11": 449.815401,
  "feb-11": 459.180221,
  "mar-11": 490.305988,
  "abr-11": 496.421183,
  "may-11": 515.554311,
  "jun-11": 522.978271,
  "jul-11": 539.382994,
  "ago-11": 557.226788,
  "sep-11": 575.466069,
  "oct-11": 584.746305,
  "nov-11": 599.277607,
  "dic-11": 603.550242,
  "ene-12": 611.606296,
  "feb-12": 628.81571,
  "mar-12": 652.867283,
  "abr-12": 683.889035,
  "may-12": 704.536674,
  "jun-12": 707.894887,
  "jul-12": 733.057483,
  "ago-12": 739.379565,
  "sep-12": 751.83513,
  "oct-12": 770.834524,
  "nov-12": 789.523015,
  "dic-12": 798.498063,
  "ene-13": 807.41253,
  "feb-13": 834.433687,
  "mar-13": 856.207208,
  "abr-13": 872.617646,
  "may-13": 902.568382,
  "jun-13": 912.815618,
  "jul-13": 934.629145,
  "ago-13": 943.670488,
  "sep-13": 964.669037,
  "oct-13": 986.039069,
  "nov-13": 990.629465,
  "dic-13": 999.431916,
  "ene-14": 1004.152617,
  "feb-14": 1057.209643,
  "mar-14": 1101.277904,
  "abr-14": 1160.959914,
  "may-14": 1176.746259,
  "jun-14": 1188.085087,
  "jul-14": 1245.31759,
  "ago-14": 1251.180175,
  "sep-14": 1302.280339,
  "oct-14": 1340.847212,
  "nov-14": 1340.847212,
  "dic-14": 1366.317281,
  "ene-15": 1371.399179,
  "feb-15": 1418.583332,
  "mar-15": 1471.07456,
  "abr-15": 1494.769509,
  "may-15": 1549.591368,
  "jun-15": 1612.170951,
  "jul-15": 1661.478848,
  "ago-15": 1668.63534,
  "sep-15": 1712.641878,
  "oct-15": 1737.678741,
  "nov-15": 1774.68081,
  "dic-15": 1806.093477,
  "ene-16": 1808.598992,
  "feb-16": 1888.339982,
  "mar-16": 1940.546595,
  "abr-16": 2022.16215,
  "may-16": 2062.330403,
  "jun-16": 2089.175535,
  "jul-16": 2170.429892,
  "ago-16": 2196.52977,
  "sep-16": 2247.928264,
  "oct-16": 2293.972819,
  "nov-16": 2334.363963,
  "dic-16": 2364.938791,
  "ene-17": 2405.867157,
  "feb-17": 2455.568256,
  "mar-17": 2547.290455,
  "abr-17": 2589.016654,
  "may-17": 2632.388812,
  "jun-17": 2682.681998,
  "jul-17": 2799.178164,
  "ago-17": 2823.324608,
  "sep-17": 2873.152583,
  "oct-17": 2953.977162,
  "nov-17": 2992.196555,
  "dic-17": 3006.323225,
  "ene-18": 3078.149897,
  "feb-18": 3136.491136,
  "mar-18": 3208.740727,
  "abr-18": 3298.552928,
  "may-18": 3353.502806,
  "jun-18": 3383.144924,
  "jul-18": 3461.524569,
  "ago-18": 3540.954656,
  "sep-18": 3603.227908,
  "oct-18": 3789.623601,
  "nov-18": 3855.8643,
  "dic-18": 3925.110016,
  "ene-19": 4041.99824,
  "feb-19": 4198.758673,
  "mar-19": 4444.595197,
  "abr-19": 4533.033479,
  "may-19": 4676.2479,
  "jun-19": 4753.186188,
  "jul-19": 4948.273458,
  "ago-19": 5039.927075,
  "sep-19": 5199.084435,
  "oct-19": 5467.591756,
  "nov-19": 5554.150902,
  "dic-19": 5666.479591,
  "ene-20": 6066.068102,
  "feb-20": 6445.125562,
  "mar-20": 6500.72125,
  "abr-20": 6510.182084,
  "may-20": 6521.871821,
  "jun-20": 6670.925966,
  "jul-20": 6908.515551,
  "ago-20": 6945.858242,
  "sep-20": 7076.474219,
  "oct-20": 7401.811698,
  "nov-20": 7495.030119,