{
  "2023-04-01": 30116.61,
  "abr-00": 107.947466,
  "abr-01": 107.947466,
  "abr-02": 107.947466,
  "abr-03": 107.947466,
  "abr-04": 126.009579,
  "abr-05": 132.140775,
  "abr-06": 167.460308,
  "abr-07": 207.503972,
  "abr-08": 267.023672,
  "abr-09": 312.182381,
  "abr-10": 377.77727,
  "abr-11": 496.421183,
  "abr-12": 683.889035,
  "abr-13": 872.617646,
  "abr-14": 1160.959914,
  "abr-15": 1494.769509,
  "abr-16": 2022.16215,
  "abr-17": 2589.016654,
  "abr-18": 3298.552928,
  "abr-19": 4533.033479,
  "abr-20": 6510.182084,
  "abr-21": 9201.592237,
  "abr-22": 14677.188611,
  "abr-23": 30116.613897,
  "abr-24": 93671.256301,
  "abr-25": 160321.71751,
  "abr-95": 107.082195,
  "abr-96": 107.947466,
  "abr-97": 107.947466,
  "abr-98": 107.947466,
  "abr-99": 107.947466,
  "ago-00": 107.947466,
  "ago-01": 107.947466,
  "ago-02": 107.947466,
  "ago-03": 107.947466,
  "ago-04": 126.009579,
  "ago-05": 146.075417,
  "ago-06": 180.981174,
  "ago-07": 221.919828,
  "ago-08": 289.270406,
  "ago-09": 323.37833,
  "ago-10": 408.082344,
  "ago-11": 557.226788,
  "ago-12": 739.379565,
  "ago-13": 943.670488,
  "ago-14": 1251.180175,
  "ago-15": 1668.63534,
  "ago-16": 2196.52977,
  "ago-17": 2823.324608,
  "ago-18": 3540.954656,
  "ago-19": 5039.927075,
  "ago-20": 6945.858242,
  "ago-21": 10326.114737,
  "ago-22": 17786.788894,
  "ago-23": 39326.691966,
  "ago-24": 118007.301656,
  "ago-94": 102.072308,
  "ago-95": 107.947466,
  "ago-96": 107.947466,
  "ago-97": 107.947466,
  "ago-98": 107.947466,
  "ago-99": 107.947466,
  "dic-00": 107.947466,
  "dic-01": 107.947466,
  "dic-02": 107.947466,
  "dic-03": 118.958245,
  "dic-04": 126.04044,
  "dic-05": 156.77072,
  "dic-06": 191.214695,
  "dic-07": 233.458685,
  "dic-08": 300.424063,
  "dic-09": 344.731217,
  "dic-10": 444.125413,
  "dic-11": 603.550242,
  "dic-12": 798.498063,
  "dic-13": 999.431916,
  "dic-14": 1366.317281,
  "dic-15": 1806.093477,
  "dic-16": 2364.938791,
  "dic-17": 3006.323225,
  "dic-18": 3925.110016,
  "dic-19": 5666.479591,
  "dic-20": 7643.407592,
  "dic-21": 11726.298764,
  "dic-22": 22194.738647,
  "dic-23": 55356.155772,
  "dic-24": 137497.901402,
  "dic-94": 107.082195,
  "dic-95": 107.947466,
  "dic-96": 107.947466,
  "dic-97": 107.947466,
  "dic-98": 107.947466,
  "dic-99": 107.947466,
  "ene-00": 107.947466,
  "ene-01": 107.947466,
  "ene-02": 107.947466,
  "ene-03": 107.947466,
  "ene-04": 121.733515,
  "ene-05": 126.04044,
  "ene-06": 158.667002,
  "ene-07": 193.612765,
  "ene-08": 234.351389,
  "ene-09": 300.424063,
  "ene-10": 344.731217,
  "ene-11": 449.815401,
  "ene-12": 611.606296,
  "ene-13": 807.41253,
  "ene-14": 1004.152617,
  "ene-15": 1371.399179,
  "ene-16": 1808.598992,
  "ene-17": 2405.867157,
  "ene-18": 3078.149897,
  "ene-19": 4041.99824,
  "ene-20": 6066.068102,
  "ene-21": 7784.097066,
  "ene-22": 12271.348886,
  "ene-23": 23041.167259,
  "ene-24": 63468.762216,
  "ene-25": 141124.784254,
  "ene-95": 107.082195,
  "ene-96": 107.947466,
  "ene-97": 107.947466,
  "ene-98": 107.947466,
  "ene-99": 107.947466,
  "feb-00": 107.947466,
  "feb-01": 107.947466,
  "feb-02": 107.947466,
  "feb-03": 107.947466,
  "feb-04": 124.695098,
  "feb-05": 126.04044,
  "feb-06": 160.911907,
  "feb-07": 197.559637,
  "feb-08": 243.57676,
  "feb-09": 300.424063,
  "feb-10": 355.540823,
  "feb-11": 459.180221,
  "feb-12": 628.81571,
  "feb-13": 834.433687,
  "feb-14": 1057.209643,
  "feb-15": 1418.583332,
  "feb-16": 1888.339982,
  "feb-17": 2455.568256,
  "feb-18": 3136.491136,
  "feb-19": 4198.758673,
  "feb-20": 6445.125562,
  "feb-21": 8263.330552,
  "feb-22": 12849.202739,
  "feb-23": 24980.158195,
  "feb-24": 70754.174906,
  "feb-25": 149777.42979,
  "feb-95": 107.082195,
  "feb-96": 107.947466,
  "feb-97": 107.947466,
  "feb-98": 107.947466,
  "feb-99": 107.947466,
  "jul-00": 107.947466,
  "jul-01": 107.947466,
  "jul-02": 107.947466,
  "jul-03": 107.947466,
  "jul-04": 126.009579,
  "jul-05": 140.745482,
  "jul-06": 177.721261,
  "jul-07": 216.791066,
  "jul-08": 284.146216,
  "jul-09": 320.424749,
  "jul-10": 398.374616,
  "jul-11": 539.382994,
  "jul-12": 733.057483,
  "jul-13": 934.629145,
  "jul-14": 1245.31759,
  "jul-15": 1661.478848,
  "jul-16": 2170.429892,
  "jul-17": 2799.178164,
  "jul-18": 3461.524569,
  "jul-19": 4948.273458,
  "jul-20": 6908.515551,
  "jul-21": 10089.958508,
  "jul-22": 17009.595711,
  "jul-23": 37148.065427,
  "jul-24": 113694.763793,
  "jul-94": 100.0,
  "jul-95": 107.947466,
  "jul-96": 107.947466,
  "jul-97": 107.947466,
  "jul-98": 107.947466,
  "jul-99": 107.947466,
  "jun-00": 107.947466,
  "jun-01": 107.947466,
  "jun-02": 107.947466,
  "jun-03": 107.947466,
  "jun-04": 126.009579,
  "jun-05": 136.773463,
  "jun-06": 174.633946,
  "jun-07": 210.055208,
  "jun-08": 274.340188,
  "jun-09": 317.804931,
  "jun-10": 388.616594,
  "jun-11": 522.978271,
  "jun-12": 707.894887,
  "jun-13": 912.815618,
  "jun-14": 1188.085087,
  "jun-15": 1612.170951,
  "jun-16": 2089.175535,
  "jun-17": 2682.681998,
  "jun-18": 3383.144924,
  "jun-19": 4753.186188,
  "jun-20": 6670.925966,
  "jun-21": 9660.128933,
  "jun-22": 16149.759393,
  "jun-23": 34583.731297,
  "jun-24": 106664.973082,
  "jun-95": 107.947466,
  "jun-96": 107.947466,
  "jun-97": 107.947466,
  "jun-98": 107.947466,
  "jun-99": 107.947466,
  "mar-00": 107.947466,
  "mar-01": 107.947466,
  "mar-02": 107.947466,
  "mar-03": 107.947466,
  "mar-04": 126.009579,
  "mar-05": 127.292055,
  "mar-06": 164.784482,
  "mar-07": 201.689394,
  "mar-08": 250.383486,
  "mar-09": 306.52897,
  "mar-10": 369.563478,
  "mar-11": 490.305988,
  "mar-12": 652.867283,
  "mar-13": 856.207208,
  "mar-14": 1101.277904,
  "mar-15": 1471.07456,
  "mar-16": 1940.546595,
  "mar-17": 2547.290455,
  "mar-18": 3208.740727,
  "mar-19": 4444.595197,
  "mar-20": 6500.72125,
  "mar-21": 8665.187971,
  "mar-22": 13855.824294,
  "mar-23": 27419.242859,
  "mar-24": 80678.567101,
  "mar-25": 155852.90729,
  "mar-95": 107.082195,
  "mar-96": 107.947466,
  "mar-97": 107.947466,
  "mar-98": 107.947466,
  "mar-99": 107.947466,
  "may-00": 107.947466,
  "may-01": 107.947466,
  "may-02": 107.947466,
  "may-03": 107.947466,
  "may-04": 126.009579,
  "may-05": 133.80045,
  "may-06": 171.721513,
  "may-07": 209.181936,
  "may-08": 272.43019,
  "may-09": 312.182381,
  "may-10": 381.837302,
  "may-11": 515.554311,
  "may-12": 704.536674,
  "may-13": 902.568382,
  "may-14": 1176.746259,
  "may-15": 1549.591368,
  "may-16": 2062.330403,
  "may-17": 2632.388812,
  "may-18": 3353.502806,
  "may-19": 4676.2479,
  "may-20": 6521.871821,
  "may-21": 9311.613154,
  "may-22": 15270.356739,
  "may-23": 31984.222799,
  "may-24": 100527.287483,
  "may-95": 107.082195,
  "may-96": 107.947466,
  "may-97": 107.947466,
  "may-98": 107.947466,
  "may-99": 107.947466,
  "nov-00": 107.947466,
  "nov-01": 107.947466,
  "nov-02": 107.947466,
  "nov-03": 116.629899,
  "nov-04": 126.009579,
  "nov-05": 156.186633,
  "nov-06": 187.655309,
  "nov-07": 230.920022,
  "nov-08": 300.424063,
  "nov-09": 323.37833,
  "nov-10": 439.233258,
  "nov-11": 599.277607,
  "nov-12": 789.523015,
  "nov-13": 990.629465,
  "nov-14": 1340.847212,
  "nov-15": 1774.68081,
  "nov-16": 2334.363963,
  "nov-17": 2992.196555,
  "nov-18": 3855.8643,
  "nov-19": 5554.150902,
  "nov-20": 7495.030119,
  "nov-21": 11497.724233,
  "nov-22": 21055.72828,
  "nov-23": 51102.400357,
  "nov-24": 134754.344074,
  "nov-94": 104.807571,
  "nov-95": 107.947466,
  "nov-96": 107.947466,
  "nov-97": 107.947466,
  "nov-98": 107.947466,
  "nov-99": 107.947466,
  "oct-00": 107.947466,
  "oct-01": 107.947466,
  "oct-02": 107.947466,
  "oct-03": 115.276555,
  "oct-04": 126.009579,