{
  "sep-94": 100.0000000,
  "oct-94": 102.0723079,
  "nov-94": 103.7857053,
  "dic-94": 104.1011807,
  "ene-95": 104.8075714,
  "feb-95": 107.0821951,
  "mar-95": 107.0821951,
  "abr-95": 107.0821951,
  "may-95": 107.0821951,
  "jun-95": 107.0821951,
  "jul-95": 107.0821951,
  "ago-95": 107.9474665,
  "sep-95": 107.9474665,
  "oct-95": 107.9474665,
  "nov-95": 107.9474665,
  "dic-95": 107.9474665,
  "ene-96": 107.9474665,
  "feb-96": 107.9474665,
  "mar-96": 107.9474665,
  "abr-96": 107.9474665,
  "may-96": 107.9474665,
  "jun-96": 107.9474665,
  "jul-96": 107.9474665,
  "ago-96": 107.9474665,
  "sep-96": 107.9474665,
  "oct-96": 107.9474665,
  "nov-96": 107.9474665,
  "dic-96": 107.9474665,
  "ene-97": 107.9474665,
  "feb-97": 107.9474665,
  "mar-97": 107.9474665,
  "abr-97": 107.9474665,
  "may-97": 107.9474665,
  "jun-97": 107.9474665,
  "jul-97": 107.9474665,
  "ago-97": 107.9474665,
  "sep-97": 107.9474665,
  "oct-97": 107.9474665,
  "nov-97": 107.9474665,
  "dic-97": 107.9474665,
  "ene-98": 107.9474665,
  "feb-98": 107.9474665,
  "mar-98": 107.9474665,
  "abr-98": 107.9474665,
  "may-98": 107.9474665,
  "jun-98": 107.9474665,
  "jul-98": 107.9474665,
  "ago-98": 107.9474665,
  "sep-98": 107.9474665,
  "oct-98": 107.9474665,
  "nov-98": 107.9474665,
  "dic-98": 107.9474665,
  "ene-99": 107.9474665,
  "feb-99": 107.9474665,
  "mar-99": 107.9474665,
  "abr-99": 107.9474665,
  "may-99": 107.9474665,
  "jun-99": 107.9474665,
  "jul-99": 107.9474665,
  "ago-99": 107.9474665,
  "sep-99": 107.9474665,
  "oct-99": 107.9474665,
  "nov-99": 107.9474665,
  "dic-99": 107.9474665,
  "ene-00": 107.9474665,
  "feb-00": 107.9474665,
  "mar-00": 107.9474665,
  "abr-00": 107.9474665,
  "may-00": 107.9474665,
  "jun-00": 107.9474665,
  "jul-00": 107.9474665,
  "ago-00": 107.9474665,
  "sep-00": 107.9474665,
  "oct-00": 107.9474665,
  "nov-00": 107.9474665,
  "dic-00": 107.9474665,
  "ene-01": 107.9474665,
  "feb-01": 107.9474665,
  "mar-01": 107.9474665,
  "abr-01": 107.9474665,
  "may-01": 107.9474665,
  "jun-01": 107.9474665,
  "jul-01": 107.9474665,
  "ago-01": 107.9474665,
  "sep-01": 107.9474665,
  "oct-01": 107.9474665,
  "nov-01": 107.9474665,
  "dic-01": 107.9474665,
  "ene-02": 107.9474665,
  "feb-02": 107.9474665,
  "mar-02": 107.9474665,
  "abr-02": 107.9474665,
  "may-02": 107.9474665,
  "jun-02": 107.9474665,
  "jul-02": 107.9474665,
  "ago-02": 107.9474665,
  "sep-02": 107.9474665,
  "oct-02": 107.9474665,
  "nov-02": 107.9474665,
  "dic-02": 107.9474665,
  "ene-03": 107.9474665,
  "feb-03": 107.9474665,
  "mar-03": 107.9474665,
  "abr-03": 107.9474665,
  "may-03": 107.9474665,
  "jun-03": 107.9474665,
  "jul-03": 107.9474665,
  "ago-03": 107.9474665,
  "sep-03": 107.9474665,
  "oct-03": 107.9474665,
  "nov-03": 111.0987918,
  "dic-03": 115.2765554,
  "ene-04": 116.6298993,
  "feb-04": 118.9582452,
  "mar-04": 121.7335147,
  "abr-04": 124.6950976,
  "may-04": 126.0095786,
  "jun-04": 126.0095786,
  "jul-04": 126.0095786,
  "ago-04": 126.0095786,
  "sep-04": 126.0095786,
  "oct-04": 126.0095786,
  "nov-04": 126.0095786,
  "dic-04": 126.0095786,
  "ene-05": 126.0095786,
  "feb-05": 126.0404403,
  "mar-05": 126.0404403,
  "abr-05": 126.0404403,
  "may-05": 127.2920548,
  "jun-05": 132.1407752,
  "jul-05": 133.8004504,
  "ago-05": 136.7734635,
  "sep-05": 140.7454822,
  "oct-05": 146.0754169,
  "nov-05": 149.1112965,
  "dic-05": 154.6446901,
  "ene-06": 156.1866334,
  "feb-06": 156.7707202,
  "mar-06": 158.667002,
  "abr-06": 160.9119069,
  "may-06": 164.7844823,
  "jun-06": 167.4603084,
  "jul-06": 171.7215129,
  "ago-06": 174.6339456,
  "sep-06": 177.7212614,
  "oct-06": 180.9811743,
  "nov-06": 182.4796827,
  "dic-06": 186.8071828,
  "ene-07": 187.6553088,
  "feb-07": 191.2146948,
  "mar-07": 193.6127653,
  "abr-07": 197.5596374,
  "may-07": 201.6893939,
  "jun-07": 207.503972,
  "jul-07": 209.1819356,
  "ago-07": 210.0552082,
  "sep-07": 216.7910661,
  "oct-07": 221.9198281,
  "nov-07": 222.4936276,
  "dic-07": 230.7817161,
  "ene-08": 230.9200224,
  "feb-08": 233.4586853,
  "mar-08": 234.3513893,
  "abr-08": 243.57676,
  "may-08": 250.3834855,
  "jun-08": 267.0236721,
  "jul-08": 272.4301896,
  "ago-08": 274.3401877,
  "sep-08": 284.146216,
  "oct-08": 289.2704059,
  "nov-08": 295.5124761,
  "dic-08": 300.424063,
  "ene-09": 300.424063,
  "feb-09": 300.424063,
  "mar-09": 300.424063,
  "abr-09": 300.424063,
  "may-09": 306.52897,
  "jun-09": 312.1823814,
  "jul-09": 312.1823814,
  "ago-09": 317.804931,
  "sep-09": 320.4247488,
  "oct-09": 323.3783305,
  "nov-09": 323.3783305,
  "dic-09": 323.3783305,
  "ene-10": 323.3783305,
  "feb-10": 344.7312172,
  "mar-10": 344.7312172,
  "abr-10": 355.5408232,
  "may-10": 369.563478,
  "jun-10": 377.7772698,
  "jul-10": 381.8373015,
  "ago-10": 388.6165945,
  "sep-10": 398.3746157,
  "oct-10": 408.0823437,
  "nov-10": 425.1088733,
  "dic-10": 433.8358842,
  "ene-11": 439.2332575,
  "feb-11": 444.1254129,
  "mar-11": 449.8154011,
  "abr-11": 459.1802211,
  "may-11": 490.3059883,
  "jun-11": 496.4211826,
  "jul-11": 515.5543109,
  "ago-11": 522.9782711,
  "sep-11": 539.382994,
  "oct-11": 557.226788,
  "nov-11": 575.4660692,
  "dic-11": 584.7463052,
  "ene-12": 599.277607,
  "feb-12": 603.5502418,
  "mar-12": 611.6062958,
  "abr-12": 628.8157098,
  "may-12": 652.8672831,
  "jun-12": 683.8890349,
  "jul-12": 704.536674,
  "ago-12": 707.8948872,
  "sep-12": 733.0574828,
  "oct-12": 739.379565,
  "nov-12": 751.8351298,
  "dic-12": 770.834524,
  "ene-13": 789.5230148,
  "feb-13": 798.4980626,
  "mar-13": 807.4125299,
  "abr-13": 834.4336873,
  "may-13": 856.2072079,
  "jun-13": 872.6176461,
  "jul-13": 902.5683816,
  "ago-13": 912.8156183,
  "sep-13": 934.6291449,
  "oct-13": 943.6704882,
  "nov-13": 964.6690365,
  "dic-13": 986.0390687,
  "ene-14": 990.6294649,
  "feb-14": 999.4319156,
  "mar-14": 1004.152617,
  "abr-14": 1057.209643,
  "may-14": 1101.277904,
  "jun-14": 1160.959914,
  "jul-14": 1176.746259,
  "ago-14": 1188.085087,
  "sep-14": 1245.31759,
  "oct-14": 1251.180175,
  "nov-14": 1302.280339,
  "dic-14": 1340.847212,
  "ene-15": 1340.847212,
  "feb-15": 1366.317281,
  "mar-15": 1371.399179,
  "abr-15": 1418.583332,
  "may-15": 1471.07456,
  "jun-15": 1494.769509,
  "jul-15": 1549.591368,
  "ago-15": 1612.170951,
  "sep-15": 1661.478848,
  "oct-15": 1668.63534,
  "nov-15": 1712.641878,
  "dic-15": 1737.678741,
  "ene-16": 1774.68081,
  "feb-16": 1806.093477,
  "mar-16": 1808.598992,
  "abr-16": 1888.339982,
  "may-16": 1940.546595,
  "jun-16": 2022.16215,
  "jul-16": 2062.330403,
  "ago-16": 2089.175535,
  "sep-16": 2170.429892,
  "oct-16": 2196.52977,
  "nov-16": 2247.928264,
  "dic-16": 2293.972819,
  "ene-17": 2334.363963,
  "feb-17": 2364.938791,
  "mar-17": 2405.867157,
  "abr-17": 2455.568256,
  "may-17": 2547.290455,
  "jun-17": 2589.016654,
  "jul-17": 2632.388812,
  "ago-17": 2682.681998,
  "sep-17": 2799.178164,
  "oct-17": 2823.324608,
  "nov-17": 2873.152583,
  "dic-17": 2953.977162,
  "ene-18": 2992.196555,
  "feb-18": 3006.323225,
  "mar-18": 3078.149897,
  "abr-18": 3136.491136,
  "may-18": 3208.740727,
  "jun-18": 3298.552928,
  "jul-18": 3353.502806,
  "ago-18": 3383.144924,
  "sep-18": 3461.524569,
  "oct-18": 3540.954656,
  "nov-18": 3603.227908,
  "dic-18": 3789.623601,
  "ene-19": 3855.8643,
  "feb-19": 3925.110016,
  "mar-19": 4041.99824,
  "abr-19": 4198.758673,
  "may-19": 4444.595197,
  "jun-19": 4533.033479,
  "jul-19": 4676.2479,
  "ago-19": 4753.186188,
  "sep-19": 4948.273458,
  "oct-19": 5039.927075,
  "nov-19": 5199.084435,
  "dic-19": 5467.591756,
  "ene-20": 5554.150902,
  "feb-20": 5666.479591,
  "mar-20": 6066.068102,
  "abr-20": 6445.125562,
  "may-20": 6500.72125,
  "jun-20": 6510.182084,
  "jul-20": 6521.871821,
  "ago-20": 6670.925966,
  "sep-20": 6908.515551,
  "oct-20": 6945.858242,
  "nov-20": 7076.474219,
  "dic-20": 7401.811698,
  "ene-21": 7495.030119,
  "feb-21": 7643.407592,
  "mar-21": 7784.097066,
  "abr-21": 8263.330552,
  "may-21": 8665.187971,