


{
  "jul-12": 32.021,
  "ago-12": 32.89626,
  "sep-12": 33.45125,
  "oct-12": 33.82582,
  "nov-12": 34.15744,
  "dic-12": 34.54751,
  "ene-13": 35.2576,
  "feb-13": 35.21418,
  "mar-13": 35.35603,
  "abr-13": 35.60389,
  "may-13": 36.26051,
  "jun-13": 37.73761,
  "jul-13": 38.58341,
  "ago-13": 39.15449,
  "sep-13": 39.78023,
  "oct-13": 40.3015,
  "nov-13": 41.47123,
  "dic-13": 42.94194,
  "ene-14": 45.26163,
  "feb-14": 47.9436,
  "mar-14": 49.34379,
  "abr-14": 50.21739,
  "may-14": 51.32832,
  "jun-14": 52.10514,
  "jul-14": 53.20696,
  "ago-14": 54.52801,
  "sep-14": 55.80138,
  "oct-14": 57.17483,
  "nov-14": 58.15314,
  "dic-14": 59.07998,
  "ene-15": 60.45994,
  "feb-15": 61.08946,
  "mar-15": 62.45156,
  "abr-15": 63.69429,
  "may-15": 64.78594,
  "jun-15": 66.24209,
  "jul-15": 67.71114,
  "ago-15": 69.13133,
  "sep-15": 70.32046,
  "oct-15": 71.61276,
  "nov-15": 73.06489,
  "dic-15": 75.58619,
  "ene-16": 80.35195,
  "feb-16": 82.2811,
  "mar-16": 84.593,
  "abr-16": 86.9108,
  "may-16": 89.03777,
  "jun-16": 90.48766,
  "jul-16": 91.16936,
  "ago-16": 94.01246,
  "sep-16": 95.47986,
  "oct-16": 96.94725,
  "nov-16": 98.67753,
  "dic-16": 100.0,
  "ene-17": 101.5859,
  "feb-17": 103.6859,
  "mar-17": 106.1476,
  "abr-17": 108.9667,
  "may-17": 110.5301,
  "jun-17": 111.8477,
  "jul-17": 113.7852,
  "ago-17": 115.3819,
  "sep-17": 117.5719,
  "oct-17": 119.3528,
  "nov-17": 120.994,
  "dic-17": 124.7956,
  "ene-18": 126.9887,
  "feb-18": 130.0606,
  "mar-18": 133.1054,
  "abr-18": 136.7512,
  "may-18": 139.5893,
  "jun-18": 144.8053,
  "jul-18": 149.2966,
  "ago-18": 155.1034,
  "sep-18": 165.2383,
  "oct-18": 174.1473,
  "nov-18": 179.6388,
  "dic-18": 184.2552,
  "ene-19": 189.6101,
  "feb-19": 196.7501,
  "mar-19": 205.9571,
  "abr-19": 213.0517,
  "may-19": 219.5691,
  "jun-19": 225.537,
  "jul-19": 230.494,
  "ago-19": 239.6077,
  "sep-19": 253.7102,
  "oct-19": 262.0661,
  "nov-19": 273.2158,
  "dic-19": 283.4442,
  "ene-20": 289.8299,
  "feb-20": 295.666,
  "mar-20": 305.5515,
  "abr-20": 310.1243,
  "may-20": 314.9087,
  "jun-20": 321.9738,
  "jul-20": 328.2014,
  "ago-20": 337.0632,
  "sep-20": 346.6207,
  "oct-20": 359.657,
  "nov-20": 371.0211,
  "dic-20": 385.8826,
  "ene-21": 401.5071,
  "feb-21": 415.8595,
  "mar-21": 435.8657,
  "abr-21": 453.6503,
  "may-21": 468.725,
  "jun-21": 483.6049,
  "jul-21": 498.0987,
  "ago-21": 510.3942,
  "sep-21": 528.4968,
  "oct-21": 547.0802,
  "nov-21": 560.9184,
  "dic-21": 582.4575,
  "ene-22": 605.0317,
  "feb-22": 633.4341,
  "mar-22": 676.0566,
  "abr-22": 716.9399,
  "may-22": 753.147,
  "jun-22": 793.0278,
  "jul-22": 851.761,
  "ago-22": 911.1316,
  "sep-22": 967.3076,
  "oct-22": 1028.706,
  "nov-22": 1079.2787,
  "dic-22": 1134.5875,
  "ene-23": 1202.979,
  "feb-23": 1282.7091,
  "mar-23": 1381.1601,
  "abr-23": 1497.2147,
  "may-23": 1613.5895,
  "jun-23": 1709.6115,
  "jul-23": 1818.0838,
  "ago-23": 2044.3,
  "sep-23": 2304.9242,
  "oct-23": 2496.273,
  "nov-23": 2816.0628,
  "dic-23": 3533.1922,
  "ene-24": 4261.5324,
  "feb-24": 4825.7881,
  "mar-24": 5357.0929,
  "abr-24": 5830.2271,
  "may-24": 6073.7,
  "jun-24": 6351.7145,
  "jul-24": 6607.7479,
  "ago-24": 6883.4,
  "sep-24": 7122.2421,
  "oct-24": 7314.0,
  "nov-24": 7491.4314,
  "dic-24": 7694.0075,
  "ene-25": 7864.1257,
  "feb-25": 8052.9927,
  "mar-25": 8353.3158,
  "abr-25": 8585.6078,
  "may-25": 8714.4871,
  "jun-25": 8855.5681
}
